{"cameraMode":{"drawMode":0,"name":"Shaded","section":"Shading Mode"},"sceneLighting":true,"audioPlay":false,"sceneViewState":{"m_AlwaysRefresh":false,"showFog":true,"showSkybox":true,"showFlares":true,"showImageEffects":true,"showParticleSystems":true,"showVisualEffectGraphs":true,"m_FxEnabled":true},"in2DMode":false,"pivot":{"x":4.785857677459717,"y":-1.0775461196899415,"z":13.11458683013916},"rotation":{"x":0.15560102462768556,"y":0.030233200639486314,"z":-0.0047643547877669338,"w":0.987346887588501},"size":7.9435906410217289,"orthographic":false}