{"cameraMode":{"drawMode":0,"name":"Shaded","section":"Shading Mode"},"sceneLighting":true,"audioPlay":false,"sceneViewState":{"m_AlwaysRefresh":false,"showFog":true,"showSkybox":true,"showFlares":true,"showImageEffects":true,"showParticleSystems":true,"showVisualEffectGraphs":true,"m_FxEnabled":true},"in2DMode":false,"pivot":{"x":10.378053665161133,"y":-102.33516693115235,"z":92.2481689453125},"rotation":{"x":0.5874189734458923,"y":0.043212924152612689,"z":-0.03127622604370117,"w":0.8076637387275696},"size":88.71757507324219,"orthographic":false}