{"cameraMode":{"drawMode":0,"name":"Shaded","section":"Shading Mode"},"sceneLighting":true,"audioPlay":false,"sceneViewState":{"m_AlwaysRefresh":false,"showFog":true,"showSkybox":true,"showFlares":true,"showImageEffects":true,"showParticleSystems":true,"showVisualEffectGraphs":true,"m_FxEnabled":true},"in2DMode":false,"pivot":{"x":4.896583557128906,"y":-5.029045104980469,"z":14.786425590515137},"rotation":{"x":-0.27993130683898928,"y":0.09970897436141968,"z":-0.029246049001812936,"w":-0.9543826580047607},"size":7.9435906410217289,"orthographic":false}