{"cameraMode":{"drawMode":0,"name":"Shaded","section":"Shading Mode"},"sceneLighting":true,"audioPlay":false,"sceneViewState":{"m_AlwaysRefresh":false,"showFog":true,"showSkybox":true,"showFlares":true,"showImageEffects":true,"showParticleSystems":true,"showVisualEffectGraphs":true,"m_FxEnabled":true},"in2DMode":false,"pivot":{"x":1.5547733306884766,"y":2.960156202316284,"z":0.0955820083618164},"rotation":{"x":-0.001808668253943324,"y":0.027292998507618905,"z":-0.000049672366003505886,"w":-0.9996271729469299},"size":-2.616305112838745,"orthographic":false}