{"cameraMode":{"drawMode":0,"name":"Shaded","section":"Shading Mode"},"sceneLighting":true,"audioPlay":false,"sceneViewState":{"m_AlwaysRefresh":false,"showFog":true,"showSkybox":true,"showFlares":true,"showImageEffects":true,"showParticleSystems":true,"showVisualEffectGraphs":true,"m_FxEnabled":true},"in2DMode":false,"pivot":{"x":4.510019302368164,"y":-1.540859580039978,"z":16.40237045288086},"rotation":{"x":0.10660554468631745,"y":0.004485429264605045,"z":-0.00048066722229123116,"w":0.9942934513092041},"size":7.9435906410217289,"orthographic":false}